<?xml version="1.0" encoding="UTF-8" standalone="yes"?>
<addon id="xbmc.repo.h2olove" name="[COLOR red][B]h2olove[/COLOR] [COLOR blue]Repository[/B][/COLOR]" version="1.0.0" provider-name="thaitni">
	<extension point="xbmc.addon.repository" name="Official XBMC.org Add-on Repository">
		<info compressed="true">https://raw.githubusercontent.com/h2olovevn/xbmc.repo.h2olove/master/addons.xml</info>
		<checksum>https://raw.githubusercontent.com/h2olovevn/xbmc.repo.h2olove/master/addons.xml.md5</checksum>
		<datadir zip="true">https://raw.githubusercontent.com/h2olovevn/xbmc.repo.h2olove/master</datadir>
		<hashes>true</hashes>
    <import addon="xbmc.python" version="2.25.0"/>
  </requires>
  <extension point="xbmc.python.pluginsource" library="addon.py">
    <provides>video</provides>
  </extension>
  <extension point="xbmc.addon.metadata">
    <summary>Play Video with find subs on XBMC from many host</summary>
		<description>Download and install addons from Xshare Repository: Watch movies from Web phim ...</description>
    <disclaimer lang="en_GB"></disclaimer>
    <language>en</language> <!-- the language of the videos the plugin provides, may be left blank -->
    <platform>all</platform>
    <license>GPL-2.0</license>
    <forum>https://forum.kodi.tv/showthread.php?tid=xxxx</forum> <!-- may be left blank  -->
    <website>http://myplugin.com</website> <!-- the url of the website that contains the videos (or the official website of your plugin).  -->
    <email>you@youremail.com</email> <!-- may be left blank  -->
    <source>https://github.com/h2olovevn/xbmc.repo.h2olove</source>
    <news>v1.0 (14/06/2019)
      [new] some new feature
      [fix] some fix
    </news>
    <assets>
        <icon>resources/icon.png</icon>
        <fanart>resources/fanart.jpg</fanart>
        <banner></banner>
        <clearlogo>resources/clearlogo.png</clearlogo>
        <screenshot></screenshot>
    </assets>
  </extension>
</addon>